USE [MilitaryPersonnelAIS]
GO

-- Вставка до MilitaryUnits
INSERT INTO MilitaryUnits (UnitName) VALUES
(N'Бригада "Громовиця"'),
(N'Дивізія "Залізний Щит"'),
(N'Полк "Небесний Яструб"'),
(N'Корпус "Пустельний Скорпіон"'),
(N'Батальйон "Морозний Вовк"'),
(N'Командування "Зоряне Сяйво"'),
(N'Сили "Багряний Щит"'),
(N'Гвардія "Обсидіан"'),
(N'Підрозділ "Срібний Спис"'),
(N'Легіон "Штормовий Вершник"'),
(N'Ескадрилья "Нічна Тінь"'),
(N'Група "Золотий Сокіл"'),
(N'Сили "Затемнення"'),
(N'Команда "Гадюча Атака"'),
(N'Мережа Оборони "Аврора"'),
(N'Авангард "Полум’я"'),
(N'Фаланга "Титан"');

-- Вставка до Subdivisions
INSERT INTO Subdivisions (SubdivisionName, MilitaryUnitId) VALUES
(N'Рота "Альфа"', 1),
(N'Взвод "Браво"', 1),
(N'Розвідувальний Загін', 2),
(N'Тактичні Операції', 2),
(N'Снайперська Секція', 3),
(N'Авіаційна Підтримка', 3),
(N'Логістична Група', 4),
(N'Медичний Підрозділ', 4),
(N'Інженерний Корпус', 5),
(N'Кіберзахист', 5),
(N'Артилерійська Батарея', 6),
(N'Сили Спеціального Призначення', 6),
(N'Розвідувальна Клітина', 7),
(N'Навчальне Крило', 7),
(N'Командос', 8),
(N'Бронетанковий Підрозділ', 8),
(N'Польові Операції', 9);

-- Вставка до ServiceForms
INSERT INTO ServiceForms (FormName) VALUES
(N'Діюча Служба'),
(N'Резерв'),
(N'Контрактна Служба'),
(N'Призов'),
(N'Доброволець'),
(N'Національна Гвардія'),
(N'Спеціальні Операції'),
(N'Допоміжні Сили'),
(N'Офіцерський Корпус'),
(N'Технічна Служба'),
(N'Медичний Корпус'),
(N'Логістична Підтримка'),
(N'Кіберзахист'),
(N'Авіаційна Служба'),
(N'Морська Служба'),
(N'Інструкторська Служба'),
(N'Ветеран у Відставці');

-- Вставка до CivilProfessions
INSERT INTO CivilProfessions (ProfessionName) VALUES
(N'Інженер-програміст'),
(N'Механік'),
(N'Інженер-будівельник'),
(N'Фельдшер'),
(N'Аналітик даних'),
(N'Вчитель'),
(N'Електрик'),
(N'Журналіст'),
(N'Архітектор'),
(N'Бухгалтер'),
(N'Шеф-кухар'),
(N'Графічний дизайнер'),
(N'Юрист'),
(N'Пілот'),
(N'Біолог'),
(N'Маркетолог'),
(N'Керівник будівництва');

-- Вставка до MilitarySpecialties
INSERT INTO MilitarySpecialties (SpecialtyName, Code) VALUES
(N'Спеціаліст піхоти', N'ПІХ-01'),
(N'Бойовий медик', N'МЕД-02'),
(N'Снайпер', N'СНП-03'),
(N'Експерт з кібербезпеки', N'КІБ-04'),
(N'Технік авіації', N'АВТ-05'),
(N'Спеціаліст зі знешкодження вибухівки', N'ЗВБ-06'),
(N'Аналітик розвідки', N'РОЗ-07'),
(N'Оператор танка', N'ТНК-08'),
(N'Артилерист', N'АРТ-09'),
(N'Оператор зв’язку', N'ЗВЗ-10'),
(N'Парашутист', N'ПАР-11'),
(N'Оператор дронів', N'ДРН-12'),
(N'Координатор логістики', N'ЛОГ-13'),
(N'Військовий поліцейський', N'ВП-14'),
(N'Польовий інженер', N'ІНЖ-15'),
(N'Оператор спецпризначення', N'СПЦ-16'),
(N'Розвідник', N'РЗВ-17');

-- Вставка до Educations
INSERT INTO Educations (EducationLevel, Institution, Specialty, GraduationYear) VALUES
(N'Бакалавр', N'Національна академія оборони', N'Військова стратегія', 2015),
(N'Магістр', N'Технічний університет', N'Комп’ютерні науки', 2018),
(N'Середня спеціальна', N'Коледж', N'Медсестринство', 2016),
(N'Бакалавр', N'Державний університет', N'Механічна інженерія', 2019),
(N'Доктор наук', N'Глобальний інститут', N'Кібербезпека', 2020),
(N'Бакалавр', N'Авіаційна академія', N'Авіаційна інженерія', 2017),
(N'Магістр', N'Медична школа', N'Невідкладна медицина', 2021),
(N'Бакалавр', N'Політехнічний інститут', N'Електротехніка', 2014),
(N'Середня спеціальна', N'Технікум', N'Автомобільна техніка', 2013),
(N'Бакалавр', N'Юридична академія', N'Міжнародне право', 2019),
(N'Магістр', N'Бізнес-школа', N'Управління логістикою', 2020),
(N'Бакалавр', N'Інститут мистецтв', N'Графічний дизайн', 2016),
(N'Доктор наук', N'Академія наук', N'Фізика', 2022),
(N'Бакалавр', N'Інженерний коледж', N'Цивільне будівництво', 2018),
(N'Магістр', N'Екологічний інститут', N'Екологічні науки', 2019),
(N'Бакалавр', N'Педагогічний коледж', N'Освіта', 2017),
(N'Середня спеціальна', N'Кулінарний інститут', N'Кулінарне мистецтво', 2015);

-- Вставка до Ranks
INSERT INTO Ranks (RankName) VALUES
(N'Рядовий'),
(N'Єфрейтор'),
(N'Сержант'),
(N'Старший сержант'),
(N'Головний сержант'),
(N'Молодший лейтенант'),
(N'Лейтенант'),
(N'Старший лейтенант'),
(N'Капітан'),
(N'Майор'),
(N'Підполковник'),
(N'Полковник'),
(N'Генерал-майор'),
(N'Генерал-лейтенант'),
(N'Генерал'),
(N'Маршал'),
(N'Прапорщик');

-- Вставка до Positions
INSERT INTO Positions (PositionName) VALUES
(N'Стрілець'),
(N'Медик'),
(N'Снайпер'),
(N'Кібероператор'),
(N'Механік літаків'),
(N'Спеціаліст зі знешкодження вибухівки'),
(N'Офіцер розвідки'),
(N'Командир танка'),
(N'Оператор артилерії'),
(N'Зв’язківець'),
(N'Командир парашутистів'),
(N'Оператор дронів'),
(N'Офіцер логістики'),
(N'Військовий поліцейський'),
(N'Польовий інженер'),
(N'Командир взводу'),
(N'Командир роти');

-- Вставка до CharacterTraits
INSERT INTO CharacterTraits (TraitName) VALUES
(N'Дисциплінований'),
(N'Сміливий'),
(N'Аналітичний'),
(N'Емпатійний'),
(N'Стійкий'),
(N'Рішучий'),
(N'Командний'),
(N'Інноваційний'),
(N'Вірний'),
(N'Адаптивний'),
(N'Зосереджений'),
(N'Етичний'),
(N'Комунікабельний'),
(N'Стратегічний'),
(N'Надійний'),
(N'Проактивний'),
(N'Спокійний');

-- Вставка до ServiceAttitudes
INSERT INTO ServiceAttitudes (AttitudeDescription) VALUES
(N'Високомотивований'),
(N'Відданий'),
(N'Професійний'),
(N'Орієнтований на команду'),
(N'Керований обов’язком'),
(N'Інноваційний підхід'),
(N'Дисципліноване мислення'),
(N'Зосереджений на місії'),
(N'Адаптивний до викликів'),
(N'Лідерський підхід'),
(N'Підтримує'),
(N'Проактивний у завданнях'),
(N'Стійкий у стресових ситуаціях'),
(N'Етична поведінка'),
(N'Прагнення до досконалості'),
(N'Стратегічний мислитель'),
(N'Надійний у кризових ситуаціях');

-- Вставка до ServiceStatuses
INSERT INTO ServiceStatuses (StatusName) VALUES
(N'Активний'),
(N'Резерв'),
(N'У відпустці'),
(N'Звільнений'),
(N'На пенсії'),
(N'На навчанні'),
(N'Відряджений'),
(N'Медична відпустка'),
(N'Відсторонений'),
(N'Очікує перевірки'),
(N'Поранений'),
(N'На завданні'),
(N'Очікує призначення'),
(N'Тимчасово відсторонений'),
(N'Переведений'),
(N'На стажуванні'),
(N'Відстежується');

-- Вставка до FitnessCategories
INSERT INTO FitnessCategories (CategoryName) VALUES
(N'А1'),
(N'А2'),
(N'А3'),
(N'Б1'),
(N'Б2'),
(N'Б3'),
(N'В1'),
(N'В2'),
(N'В3'),
(N'Г1'),
(N'Г2'),
(N'Г3'),
(N'Д1'),
(N'Д2'),
(N'Д3'),
(N'Е1'),
(N'Е2');

-- Вставка до DocumentTypes
INSERT INTO DocumentTypes (TypeName) VALUES
(N'Наказ'),
(N'Рапорт'),
(N'Довідка'),
(N'Атестат'),
(N'Посвідчення'),
(N'Звіт'),
(N'Договір'),
(N'Лист'),
(N'Протокол'),
(N'Інструкція'),
(N'Сертифікат'),
(N'Журнал'),
(N'Анкета'),
(N'Декларація'),
(N'Медична довідка'),
(N'Службова записка'),
(N'Розпорядження');

-- Вставка до DocumentStatuses
INSERT INTO DocumentStatuses (StatusName) VALUES
(N'Новий'),
(N'На розгляді'),
(N'Затверджено'),
(N'Відхилено'),
(N'Виконано'),
(N'Архівовано'),
(N'Скасовано'),
(N'Очікує підпису'),
(N'У процесі'),
(N'Повернуто на доопрацювання'),
(N'Чорновик'),
(N'Передано'),
(N'Прийнято'),
(N'Відправлено'),
(N'Очікує перевірки'),
(N'Завершено'),
(N'Тимчасово призупинено');

-- Вставка до Servicemen
INSERT INTO Servicemen (FirstName, LastName, MiddleName, BirthDate, CivilProfessionId, MilitarySpecialtyId, EducationId, PositionId, SubdivisionId, ServiceFormId, CharacterTraitId, ServiceAttitudeId, Address, Phone, Email, ServiceStatusId, FitnessCategoryId, IsOfficer) VALUES
(N'Олег', N'Ковальчук', N'Іванович', '1995-03-12', 1, 1, 1, 1, 1, 1, 1, 1, N'м. Київ, вул. Героїв, 10', N'+380671234567', N'oleg.kovalchuk@gmail.com', 1, 1, 0),
(N'Марія', N'Степаненко', N'Олександрівна', '1998-07-25', 4, 2, 7, 2, 8, 1, 4, 2, N'м. Львів, вул. Свободи, 5', N'+380931234567', N'maria.stepanenko@gmail.com', 1, 2, 0),
(N'Іван', N'Петренко', N'Миколайович', '1993-11-03', 3, 3, 4, 3, 5, 1, 3, 3, N'м. Харків, вул. Миру, 22', N'+380501234567', N'ivan.petrenko@gmail.com', 1, 3, 1),
(N'Софія', N'Лисенко', N'Василівна', '1997-04-18', 5, 4, 5, 4, 10, 1, 5, 4, N'м. Одеса, вул. Морська, 15', N'+380681234567', N'sofia.lysenko@gmail.com', 1, 4, 1),
(N'Андрій', N'Бондар', N'Олегович', '1994-09-09', 6, 5, 6, 5, 6, 1, 6, 5, N'м. Дніпро, вул. Центральна, 7', N'+380961234567', N'andriy.bondar@gmail.com', 1, 5, 0),
(N'Юлія', N'Мельник', N'Сергіївна', '1996-12-30', 7, 6, 8, 6, 7, 1, 7, 6, N'м. Вінниця, вул. Соборна, 12', N'+380631234567', N'yulia.melnyk@gmail.com', 1, 6, 0),
(N'Максим', N'Шевченко', N'Вікторович', '1992-01-15', 8, 7, 9, 7, 13, 1, 8, 7, N'м. Запоріжжя, вул. Перемоги, 20', N'+380991234567', N'maksym.shevchenko@gmail.com', 1, 7, 1),
(N'Олена', N'Ткаченко', N'Павлівна', '1999-06-22', 9, 8, 10, 8, 16, 1, 9, 8, N'м. Черкаси, вул. Лісова, 8', N'+380661234567', N'olena.tkachenko@gmail.com', 1, 8, 0),
(N'Віталій', N'Кравець', N'Олексійович', '1991-08-04', 10, 9, 11, 9, 11, 1, 10, 9, N'м. Полтава, вул. Європейська, 3', N'+380951234567', N'vitaliy.kravets@gmail.com', 1, 9, 1),
(N'Анна', N'Гнатюк', N'Ігорівна', '1997-02-28', 11, 10, 12, 10, 12, 1, 11, 10, N'м. Житомир, вул. Київська, 14', N'+380971234567', N'anna.gnatyuk@gmail.com', 1, 10, 0),
(N'Роман', N'Дорошенко', N'Степанович', '1993-05-17', 12, 11, 13, 11, 14, 1, 12, 11, N'м. Суми, вул. Харківська, 9', N'+380981234567', N'roman.doroshenko@gmail.com', 1, 11, 1),
(N'Катерина', N'Романенко', N'Андріївна', '1998-10-11', 13, 12, 14, 12, 15, 1, 13, 12, N'м. Чернігів, вул. Шевченка, 6', N'+380921234567', N'kateryna.romanenko@gmail.com', 1, 12, 0),
(N'Дмитро', N'Клименко', N'Володимирович', '1994-03-07', 14, 13, 15, 13, 17, 1, 14, 13, N'м. Хмельницький, вул. Подільська, 11', N'+380931234567', N'dmytro.klymenko@gmail.com', 1, 13, 1),
(N'Наталія', N'Савчук', N'Михайлівна', '1996-07-19', 15, 14, 16, 14, 9, 1, 15, 14, N'м. Рівне, вул. Соборна, 4', N'+380941234567', N'natalia.savchuk@gmail.com', 1, 14, 0),
(N'Артем', N'Левченко', N'Юрійович', '1995-11-26', 16, 15, 17, 15, 3, 1, 16, 15, N'м. Кропивницький, вул. Велика, 13', N'+380901234567', N'artem.levchenko@gmail.com', 1, 15, 1),
(N'Вікторія', N'Пономаренко', N'Олегівна', '1999-09-14', 17, 16, 1, 16, 4, 1, 17, 16, N'м. Тернопіль, вул. Руська, 7', N'+380911234567', N'viktoria.ponomarenko@gmail.com', 1, 16, 0),
(N'Ярослав', N'Герасимчук', N'Богданович', '1992-12-08', 1, 17, 2, 17, 2, 1, 1, 17, N'м. Івано-Франківськ, вул. Галицька, 5', N'+380921234567', N'yaroslav.gerasymchuk@gmail.com', 1, 17, 1);

-- Вставка до RankAssignments
INSERT INTO RankAssignments (ServicemanId, RankId, AssignmentDate) VALUES
(1, 1, '2020-01-10'),
(2, 2, '2020-02-15'),
(3, 6, '2020-03-20'),
(4, 3, '2020-04-25'),
(5, 1, '2020-05-30'),
(6, 4, '2020-06-05'),
(7, 7, '2020-07-10'),
(8, 2, '2020-08-15'),
(9, 8, '2020-09-20'),
(10, 3, '2020-10-25'),
(11, 9, '2020-11-30'),
(12, 4, '2020-12-05'),
(13, 10, '2021-01-10'),
(14, 5, '2021-02-15'),
(15, 11, '2021-03-20'),
(16, 1, '2021-04-25'),
(17, 12, '2021-05-30');

-- Вставка до Discharges
INSERT INTO Discharges (ServicemanId, DischargeDate, DischargeReason) VALUES
(1, '2023-06-15', N'Завершення контракту'),
(2, '2023-07-20', N'Медичні причини'),
(3, '2023-08-10', N'Переведення до резерву'),
(4, '2023-09-05', N'Особисті обставини'),
(5, '2023-10-12', N'Досягнення пенсійного віку'),
(6, '2023-11-18', N'Завершення терміну призову'),
(7, '2023-12-22', N'Переведення до іншого підрозділу'),
(8, '2024-01-30', N'Медичні причини'),
(9, '2024-02-14', N'Завершення контракту'),
(10, '2024-03-25', N'Особисті обставини'),
(11, '2024-04-10', N'Переведення до резерву'),
(12, '2024-05-15', N'Досягнення пенсійного віку'),
(13, '2024-06-20', N'Завершення терміну призову'),
(14, '2024-07-05', N'Медичні причини'),
(15, '2024-08-12', N'Переведення до іншого підрозділу'),
(16, '2024-09-18', N'Особисті обставини'),
(17, '2024-10-25', N'Завершення контракту');

-- Вставка до Awards
INSERT INTO Awards (ServicemanId, AwardName, AwardDate) VALUES
(1, N'Медаль за відвагу', '2021-06-01'),
(2, N'Орден за заслуги', '2021-07-10'),
(3, N'Зірка героя', '2021-08-15'),
(4, N'Медаль за вислугу', '2021-09-20'),
(5, N'Почесна грамота', '2021-10-25'),
(6, N'Медаль за мужність', '2021-11-30'),
(7, N'Орден слави', '2021-12-05'),
(8, N'Медаль за оборону', '2022-01-10'),
(9, N'Відзнака президента', '2022-02-15'),
(10, N'Медаль за дисципліну', '2022-03-20'),
(11, N'Орден честі', '2022-04-25'),
(12, N'Медаль за професіоналізм', '2022-05-30'),
(13, N'Знак пошани', '2022-06-05'),
(14, N'Медаль за відданість', '2022-07-10'),
(15, N'Орден мужності', '2022-08-15'),
(16, N'Медаль за звитягу', '2022-09-20'),
(17, N'Почесний хрест', '2022-10-25');

-- Вставка до ContactInfo
INSERT INTO ContactInfo (ServicemanId, Phone, Email, Address) VALUES
(1, N'+380671234567', N'oleg.kovalchuk@gmail.com', N'м. Київ, вул. Героїв, 10'),
(2, N'+380931234567', N'maria.stepanenko@gmail.com', N'м. Львів, вул. Свободи, 5'),
(3, N'+380501234567', N'ivan.petrenko@gmail.com', N'м. Харків, вул. Миру, 22'),
(4, N'+380681234567', N'sofia.lysenko@gmail.com', N'м. Одеса, вул. Морська, 15'),
(5, N'+380961234567', N'andriy.bondar@gmail.com', N'м. Дніпро, вул. Центральна, 7'),
(6, N'+380631234567', N'yulia.melnyk@gmail.com', N'м. Вінниця, вул. Соборна, 12'),
(7, N'+380991234567', N'maksym.shevchenko@gmail.com', N'м. Запоріжжя, вул. Перемоги, 20'),
(8, N'+380661234567', N'olena.tkachenko@gmail.com', N'м. Черкаси, вул. Лісова, 8'),
(9, N'+380951234567', N'vitaliy.kravets@gmail.com', N'м. Полтава, вул. Європейська, 3'),
(10, N'+380971234567', N'anna.gnatyuk@gmail.com', N'м. Житомир, вул. Київська, 14'),
(11, N'+380981234567', N'roman.doroshenko@gmail.com', N'м. Суми, вул. Харківська, 9'),
(12, N'+380921234567', N'kateryna.romanenko@gmail.com', N'м. Чернігів, вул. Шевченка, 6'),
(13, N'+380931234567', N'dmytro.klymenko@gmail.com', N'м. Хмельницький, вул. Подільська, 11'),
(14, N'+380941234567', N'natalia.savchuk@gmail.com', N'м. Рівне, вул. Соборна, 4'),
(15, N'+380901234567', N'artem.levchenko@gmail.com', N'м. Кропивницький, вул. Велика, 13'),
(16, N'+380911234567', N'viktoria.ponomarenko@gmail.com', N'м. Тернопіль, вул. Руська, 7'),
(17, N'+380921234567', N'yaroslav.gerasymchuk@gmail.com', N'м. Івано-Франківськ, вул. Галицька, 5');

-- Вставка до DocumentFlow
INSERT INTO DocumentFlow (Title, Content, DocumentTypeId, CreatedById, CreatedDate, StatusId) VALUES
(N'Наказ про призначення', N'Призначити на посаду...', 1, 1, GETDATE(), 1),
(N'Рапорт про відпустку', N'Прошу надати відпустку...', 2, 2, GETDATE(), 2),
(N'Довідка про стан здоров’я', N'Дані про здоров’я...', 3, 3, GETDATE(), 3),
(N'Атестат про підготовку', N'Сертифікат про курс...', 4, 4, GETDATE(), 4),
(N'Посвідчення офіцера', N'Особисті дані офіцера...', 5, 5, GETDATE(), 5),
(N'Звіт про операцію', N'Деталі операції...', 6, 6, GETDATE(), 6),
(N'Договір про службу', N'Умови контракту...', 7, 7, GETDATE(), 7),
(N'Лист-подяка', N'Подяка за службу...', 8, 8, GETDATE(), 8),
(N'Протокол наради', N'Результати наради...', 9, 9, GETDATE(), 9),
(N'Інструкція з безпеки', N'Правила безпеки...', 10, 10, GETDATE(), 10),
(N'Сертифікат про навчання', N'Завершення курсу...', 11, 11, GETDATE(), 11),
(N'Журнал операцій', N'Записи операцій...', 12, 12, GETDATE(), 12),
(N'Анкета особового складу', N'Особисті дані...', 13, 13, GETDATE(), 13),
(N'Декларація про доходи', N'Фінансові дані...', 14, 14, GETDATE(), 14),
(N'Медична довідка', N'Результати огляду...', 15, 15, GETDATE(), 15),
(N'Службова записка', N'Пропозиція щодо...', 16, 16, GETDATE(), 16),
(N'Розпорядження про переведення', N'Переведення на посаду...', 17, 17, GETDATE(), 17);

-- Вставка до DocumentAssignments
INSERT INTO DocumentAssignments (DocumentId, AssigneeId, AssignedDate, IsCompleted, CompletedDate) VALUES
(1, 1, GETDATE(), 0, GETDATE() + 1),
(2, 2, GETDATE(), 0, GETDATE() + 1),
(3, 3, GETDATE(), 0, GETDATE() + 1),
(4, 4, GETDATE(), 0, GETDATE() + 1),
(5, 5, GETDATE(), 0, GETDATE() + 1),
(6, 6, GETDATE(), 0, GETDATE() + 1),
(7, 7, GETDATE(), 0, GETDATE() + 1),
(8, 8, GETDATE(), 0, GETDATE() + 1),
(9, 9, GETDATE(), 0, GETDATE() + 1),
(10, 10, GETDATE(), 0, GETDATE() + 1),
(11, 11, GETDATE(), 0, GETDATE() + 1),
(12, 12, GETDATE(), 0, GETDATE() + 1),
(13, 13, GETDATE(), 0, GETDATE() + 1),
(14, 14, GETDATE(), 0, GETDATE() + 1),
(15, 15, GETDATE(), 0, GETDATE() + 1),
(16, 16, GETDATE(), 0, GETDATE() + 1),
(17, 17, GETDATE(), 0, GETDATE() + 1);

-- Вставка до Documents
INSERT INTO Documents (ServicemanId, DocumentType, DocumentNumber, IssueDate) VALUES
(1, N'Паспорт', N'AB123456', '2018-01-10'),
(2, N'Військовий квиток', N'VK654321', '2019-02-15'),
(3, N'Посвідчення офіцера', N'OF987654', '2020-03-20'),
(4, N'Медична довідка', N'MD456789', '2021-04-25'),
(5, N'Водійське посвідчення', N'DL321654', '2017-05-30'),
(6, N'Сертифікат', N'CR789123', '2018-06-05'),
(7, N'Диплом', N'DP456987', '2019-07-10'),
(8, N'Паспорт', N'AB654321', '2020-08-15'),
(9, N'Військовий квиток', N'VK123789', '2021-09-20'),
(10, N'Посвідчення офіцера', N'OF987123', '2017-10-25'),
(11, N'Медична довідка', N'MD321789', '2018-11-30'),
(12, N'Водійське посвідчення', N'DL789456', '2019-12-05'),
(13, N'Сертифікат', N'CR123654', '2020-01-10'),
(14, N'Диплом', N'DP789321', '2021-02-15'),
(15, N'Паспорт', N'AB987654', '2017-03-20'),
(16, N'Військовий квиток', N'VK456123', '2018-04-25'),
(17, N'Посвідчення офіцера', N'OF321987', '2019-05-30');

-- Вставка до FamilyMembers
INSERT INTO FamilyMembers (ServicemanId, FullName, Relationship, BirthDate) VALUES
(1, N'Олена Ковальчук', N'Дружина', '1996-05-14'),
(2, N'Ігор Степаненко', N'Чоловік', '1995-09-22'),
(3, N'Марія Петренко', N'Мати', '1968-03-10'),
(4, N'Віктор Лисенко', N'Батько', '1965-07-15'),
(5, N'Аліна Бондар', N'Дочка', '2018-11-20'),
(6, N'Сергій Мельник', N'Брат', '1993-02-25'),
(7, N'Тетяна Шевченко', N'Сестра', '1990-06-30'),
(8, N'Павло Ткаченко', N'Чоловік', '1994-08-05'),
(9, N'Оксана Кравець', N'Дружина', '1995-12-10'),
(10, N'Ірина Гнатюк', N'Мати', '1970-04-15'),
(11, N'Михайло Дорошенко', N'Батько', '1967-08-20'),
(12, N'Андрій Романенко', N'Син', '2017-10-25'),
(13, N'Наталія Клименко', N'Дружина', '1996-01-30'),
(14, N'Олег Савчук', N'Чоловік', '1993-05-05'),
(15, N'Катерина Левченко', N'Сестра', '1997-09-10'),
(16, N'Юрій Пономаренко', N'Брат', '1994-11-15'),
(17, N'Софія Герасимчук', N'Дочка', '2019-02-20');

-- Вставка до LanguageSkills
INSERT INTO LanguageSkills (ServicemanId, Language, ProficiencyLevel) VALUES
(1, N'Англійська', N'Високий'),
(2, N'Німецька', N'Середній'),
(3, N'Французька', N'Початковий'),
(4, N'Польська', N'Високий'),
(5, N'Російська', N'Середній'),
(6, N'Іспанська', N'Початковий'),
(7, N'Англійська', N'Високий'),
(8, N'Німецька', N'Середній'),
(9, N'Французька', N'Початковий'),
(10, N'Польська', N'Високий'),
(11, N'Російська', N'Середній'),
(12, N'Іспанська', N'Початковий'),
(13, N'Англійська', N'Високий'),
(14, N'Німецька', N'Середній'),
(15, N'Французька', N'Початковий'),
(16, N'Польська', N'Високий'),
(17, N'Російська', N'Середній');

-- Вставка до MedicalRecords
INSERT INTO MedicalRecords (ServicemanId, MedicalCondition, RecordDate) VALUES
(1, N'Здоровий', '2022-01-10'),
(2, N'Легкий гастрит', '2022-02-15'),
(3, N'Здоровий', '2022-03-20'),
(4, N'Алергія на пилок', '2022-04-25'),
(5, N'Здоровий', '2022-05-30'),
(6, N'Мігрень', '2022-06-05'),
(7, N'Здоровий', '2022-07-10'),
(8, N'Легка гіпертонія', '2022-08-15'),
(9, N'Здоровий', '2022-09-20'),
(10, N'Астма', '2022-10-25'),
(11, N'Здоровий', '2022-11-30'),
(12, N'Хронічний бронхіт', '2022-12-05'),
(13, N'Здоровий', '2023-01-10'),
(14, N'Диспепсія', '2023-02-15'),
(15, N'Здоровий', '2023-03-20'),
(16, N'Легка анемія', '2023-04-25'),
(17, N'Здоровий', '2023-05-30');

-- Вставка до MobilizationLists
INSERT INTO MobilizationLists (ListName, CreationDate) VALUES
(N'Мобілізаційний список 1', GETDATE()),
(N'Мобілізаційний список 2', GETDATE()),
(N'Мобілізаційний список 3', GETDATE()),
(N'Мобілізаційний список 4', GETDATE()),
(N'Мобілізаційний список 5', GETDATE()),
(N'Мобілізаційний список 6', GETDATE()),
(N'Мобілізаційний список 7', GETDATE()),
(N'Мобілізаційний список 8', GETDATE()),
(N'Мобілізаційний список 9', GETDATE()),
(N'Мобілізаційний список 10', GETDATE()),
(N'Мобілізаційний список 11', GETDATE()),
(N'Мобілізаційний список 12', GETDATE()),
(N'Мобілізаційний список 13', GETDATE()),
(N'Мобілізаційний список 14', GETDATE()),
(N'Мобілізаційний список 15', GETDATE()),
(N'Мобілізаційний список 16', GETDATE()),
(N'Мобілізаційний список 17', GETDATE());

-- Вставка до MobilizationListEntries
INSERT INTO MobilizationListEntries (MobilizationListId, ServicemanId) VALUES
(1, 1),
(2, 2),
(3, 3),
(4, 4),
(5, 5),
(6, 6),
(7, 7),
(8, 8),
(9, 9),
(10, 10),
(11, 11),
(12, 12),
(13, 13),
(14, 14),
(15, 15),
(16, 16),
(17, 17);

-- Вставка до OperationalReadiness
INSERT INTO OperationalReadiness (ServicemanId, ReadinessStatus, AssessmentDate) VALUES
(1, N'Готовий', '2023-01-10'),
(2, N'Частково готовий', '2023-02-15'),
(3, N'Готовий', '2023-03-20'),
(4, N'Готовий', '2023-04-25'),
(5, N'Готовий', '2023-05-30'),
(6, N'Частково готовий', '2023-06-05'),
(7, N'Готовий', '2023-07-10'),
(8, N'Готовий', '2023-08-15'),
(9, N'Готовий', '2023-09-20'),
(10, N'Частково готовий', '2023-10-25'),
(11, N'Готовий', '2023-11-30'),
(12, N'Готовий', '2023-12-05'),
(13, N'Готовий', '2024-01-10'),
(14, N'Частково готовий', '2024-02-15'),
(15, N'Готовий', '2024-03-20'),
(16, N'Готовий', '2024-04-25'),
(17, N'Готовий', '2024-05-30');

-- Вставка до PsychologicalProfiles
INSERT INTO PsychologicalProfiles (ServicemanId, ProfileDescription, AssessmentDate) VALUES
(1, N'Стабільний, високий рівень стресостійкості', '2023-01-10'),
(2, N'Емоційно врівноважений', '2023-02-15'),
(3, N'Лідерські якості, впевненість', '2023-03-20'),
(4, N'Висока мотивація, командна робота', '2023-04-25'),
(5, N'Стабільний, адаптивний', '2023-05-30'),
(6, N'Чутливий до стресу, потребує підтримки', '2023-06-05'),
(7, N'Сильний лідер, стратегічне мислення', '2023-07-10'),
(8, N'Емоційна стабільність, командний гравець', '2023-08-15'),
(9, N'Висока стресостійкість, аналітичний розум', '2023-09-20'),
(10, N'Чутливий до змін, потребує адаптації', '2023-10-25'),
(11, N'Стабільний, впевнений у собі', '2023-11-30'),
(12, N'Висока мотивація, командна орієнтація', '2023-12-05'),
(13, N'Лідерські якості, стресостійкість', '2024-01-10'),
(14, N'Емоційно врівноважений, адаптивний', '2024-02-15'),
(15, N'Стабільний, високий рівень мотивації', '2024-03-20'),
(16, N'Чутливий до стресу, потребує моніторингу', '2024-04-25'),
(17, N'Сильний лідер, аналітичне мислення', '2024-05-30');

-- Вставка до Punishments
INSERT INTO Punishments (ServicemanId, PunishmentDescription, PunishmentDate) VALUES
(1, N'Догана за порушення дисципліни', '2023-01-10'),
(2, N'Попередження за запізнення', '2023-02-15'),
(3, NULL, NULL),
(4, N'Догана за невиконання наказу', '2023-04-25'),
(5, NULL, NULL),
(6, N'Попередження за недбалість', '2023-06-05'),
(7, NULL, NULL),
(8, N'Догана за порушення форми', '2023-08-15'),
(9, NULL, NULL),
(10, N'Попередження за неуважність', '2023-10-25'),
(11, NULL, NULL),
(12, N'Догана за порушення субординації', '2023-12-05'),
(13, NULL, NULL),
(14, N'Попередження за затримку звіту', '2024-02-15'),
(15, NULL, NULL),
(16, N'Догана за невідповідність вимогам', '2024-04-25'),
(17, NULL, NULL);

-- Вставка до Recruitments
INSERT INTO Recruitments (ServicemanId, RecruitmentDate) VALUES
(1, '2019-01-10'),
(2, '2019-02-15'),
(3, '2019-03-20'),
(4, '2019-04-25'),
(5, '2019-05-30'),
(6, '2019-06-05'),
(7, '2019-07-10'),
(8, '2019-08-15'),
(9, '2019-09-20'),
(10, '2019-10-25'),
(11, '2019-11-30'),
(12, '2019-12-05'),
(13, '2020-01-10'),
(14, '2020-02-15'),
(15, '2020-03-20'),
(16, '2020-04-25'),
(17, '2020-05-30');

-- Вставка до Resolutions
INSERT INTO Resolutions (DocumentId, AuthorId, ResolutionText, ResolutionDate) VALUES
(1, 1, N'Затверджено', GETDATE()),
(2, 2, N'Повернути на доопрацювання', GETDATE()),
(3, 3, N'Відхилено', GETDATE()),
(4, 4, N'Затверджено', GETDATE()),
(5, 5, N'Прийнято', GETDATE()),
(6, 6, N'Повернути на доопрацювання', GETDATE()),
(7, 7, N'Затверджено', GETDATE()),
(8, 8, N'Відхилено', GETDATE()),
(9, 9, N'Затверджено', GETDATE()),
(10, 10, N'Прийнято', GETDATE()),
(11, 11, N'Повернути на доопрацювання', GETDATE()),
(12, 12, N'Затверджено', GETDATE()),
(13, 13, N'Відхилено', GETDATE()),
(14, 14, N'Затверджено', GETDATE()),
(15, 15, N'Прийнято', GETDATE()),
(16, 16, N'Повернути на доопрацювання', GETDATE()),
(17, 17, N'Затверджено', GETDATE());

-- Вставка до ServiceHistory
INSERT INTO ServiceHistory (ServicemanId, PositionId, SubdivisionId, StartDate, EndDate) VALUES
(1, 1, 1, '2019-01-10', GETDATE()),
(2, 2, 8, '2019-02-15', GETDATE()),
(3, 3, 5, '2019-03-20', GETDATE()),
(4, 4, 10, '2019-04-25', GETDATE()),
(5, 5, 6, '2019-05-30', GETDATE()),
(6, 6, 7, '2019-06-05', GETDATE()),
(7, 7, 13, '2019-07-10', GETDATE()),
(8, 8, 16, '2019-08-15', GETDATE()),
(9, 9, 11, '2019-09-20', GETDATE()),
(10, 10, 12, '2019-10-25', GETDATE()),
(11, 11, 14, '2019-11-30', GETDATE()),
(12, 12, 15, '2019-12-05', GETDATE()),
(13, 13, 17, '2020-01-10', GETDATE()),
(14, 14, 9, '2020-02-15', GETDATE()),
(15, 15, 3, '2020-03-20', GETDATE()),
(16, 16, 4, '2020-04-25', GETDATE()),
(17, 17, 2, '2020-05-30', GETDATE());

-- Вставка до Trainings
INSERT INTO Trainings (ServicemanId, TrainingName, StartDate, EndDate) VALUES
(1, N'Базова підготовка', '2019-01-10', '2019-03-10'),
(2, N'Медична підготовка', '2019-02-15', '2019-04-15'),
(3, N'Снайперський курс', '2019-03-20', '2019-05-20'),
(4, N'Кібербезпека', '2019-04-25', '2019-06-25'),
(5, N'Авіаційна техніка', '2019-05-30', '2019-07-30'),
(6, N'Знешкодження вибухівки', '2019-06-05', '2019-08-05'),
(7, N'Розвідувальний курс', '2019-07-10', '2019-09-10'),
(8, N'Танкова підготовка', '2019-08-15', '2019-10-15'),
(9, N'Артилерійський курс', '2019-09-20', '2019-11-20'),
(10, N'Зв’язок', '2019-10-25', '2019-12-25'),
(11, N'Парашутна підготовка', '2019-11-30', '2020-01-30'),
(12, N'Керування дронами', '2019-12-05', '2020-02-05'),
(13, N'Логістична підготовка', '2020-01-10', '2020-03-10'),
(14, N'Військова поліція', '2020-02-15', '2020-04-15'),
(15, N'Інженерна підготовка', '2020-03-20', '2020-05-20'),
(16, N'Спеціальні операції', '2020-04-25', '2020-06-25'),
(17, N'Розвідувальна підготовка', '2020-05-30', '2020-07-30');